"r","best_BIC","best_AIC","n_cells"
0,-891.451938449432,-928.226861270454,49
1,-856.769038971802,-907.223715002589,49
2,-850.031631722892,-908.107801416977,49
