regime,variable,mean,sd,min,max
pre_1973,m,13.563598,0.525629,12.255248,14.491619
pre_1973,k_ME,16.587661,0.38866,16.120723,17.400276
pre_1973,nrs,14.334119,0.597778,13.067318,15.413302
pre_1973,omega,0.564977,0.068673,0.418499,0.690348
post_1973,m,16.111557,1.163826,14.232917,17.681481
post_1973,k_ME,19.023044,1.329517,17.412781,21.136366
post_1973,nrs,16.496393,0.649912,15.388016,17.39572
post_1973,omega,0.414189,0.069633,0.304914,0.606418
