swing,type,delta_ln_r,share_mu,share_B,share_pi,check_sum,dominant
1940-1946 (expansion),expansion,0.31952885289134203,0.6601237074185582,0.06871424224024265,0.27116205034119945,1.0000000000000004,mu (demand)
1946-1947 (sharp contraction),contraction,-0.33573087237693544,0.44297828380165805,-0.3271550799896533,0.8841767961879952,0.9999999999999999,pi (distribution)
1947-1953 (expansion),expansion,0.7286852213666575,0.22633644063498662,-0.018092971832063643,0.7917565311970771,1,pi (distribution)
1953-1961 (secular decline),contraction,-0.6978891126238809,0.052696544732347556,0.22059163862165398,0.7267118166459987,1.0000000000000002,pi (distribution)
1961-1969 (recovery),expansion,0.4360263439759535,0.17185363576192922,-0.04647505163644092,0.8746214158745113,0.9999999999999996,pi (distribution)
1969-1972 (Allende squeeze),contraction,-0.6657990178899027,-0.02654226768954945,0.3084656635568437,0.7180766041327059,1.0000000000000002,pi (distribution)
1972-1974 (coup reversal),expansion,0.4855176416075291,-0.1671271665578625,-0.21418733077681187,1.381314497334675,1.0000000000000004,pi (distribution)
1974-1975 (shock therapy crash),contraction,-0.4896635155470901,0.3029114747961396,0.3355356461316574,0.36155287907220296,1,pi (distribution)
1975-1978 (recovery),expansion,0.3740091349791532,0.4515754417479593,0.31077149033092183,0.23765306792111887,1,mu (demand)
