channel,coeff_pre,sd_pre,impact_pre,coeff_post,sd_post,impact_post
k_ME (Tavares),0.9302777137956739,0.38866046227592344,0.3615621662888158,0.30909990897461076,1.3295168101392778,0.41095352499426563
nrs (Kaldor/Palma-Marcel),0.4445053071730645,0.597777576503241,0.26571530526474324,0.2386156777518934,0.6499115980052127,0.15507909643682993
omega (wage share),-3.9187744131265974,0.0686734010503893,0.2691155668986468,-7.1283549298417945,0.06963336630383367,0.49637134997341226
