channel,coeff_pre,sd_pre,impact_pre,coeff_post,sd_post,impact_post
k_ME (Tavares),0.9302777138009185,0.38866046227592344,0.3615621662908542,0.30909990897325273,1.3295168101392778,0.41095352499246013
nrs (Kaldor/Palma-Marcel),0.4445053071670188,0.597777576503241,0.26571530526112924,0.2386156777661346,0.6499115980052127,0.15507909644608545
omega (wage share),-3.9187744130878035,0.0686734010503893,-0.26911556689598265,-7.12835492974181,0.06963336630383367,-0.49637134996644994
