regime,parameter,coefficient,sd_regressor,standardized_impact
pre_1973,zeta_0 (const),-5.804007925732751,NA,NA
pre_1973,zeta_1 (k_ME),0.9302777137956739,0.38866046227592344,0.3615621662888158
pre_1973,zeta_2 (nrs),0.4445053071730645,0.597777576503241,0.26571530526474324
pre_1973,zeta_3 (omega),-3.9187744131265974,0.0686734010503893,0.2691155668986468
post_1973,zeta_0 (const),9.332393882654724,NA,NA
post_1973,zeta_1 (k_ME),0.30909990897461076,1.3295168101392778,0.41095352499426563
post_1973,zeta_2 (nrs),0.2386156777518934,0.6499115980052127,0.15507909643682993
post_1973,zeta_3 (omega),-7.1283549298417945,0.06963336630383367,0.49637134997341226
