Term,Estimate,Std. Error,t value,Pr(>|t|)
(Intercept),0.022894922014905526,0.06598460824673615,0.3469736749712081,0.7308826508724803
r,0.016039404390321917,0.06058590819433571,0.2647382018088073,0.7929089689678555
mu,0.016011547124769942,0.03667832809984346,0.43653972125404145,0.6653766015508582
pi,0.033114783746232224,0.18745421214847677,0.1766553195401286,0.8608924689764345
