rank,order,AIC,BIC,n_eff,df_resid
1,"2,2,2,2,2",-251.01245551998556,-229.13572224020197,29,14
2,"1,2,0,1,1",-245.7988583087968,-230.7586041789456,29,19
3,"1,2,0,1,0",-245.52083974795642,-231.84788144809167,29,20
4,"1,2,0,2,1",-245.35557496936008,-228.94802500952238,29,18
5,"1,2,1,1,1",-243.85650733459812,-227.44895737476043,29,18
