case,F_stat,F_p,t_stat,t_p
1,NA,NA,NA,NA
2,4.236768341290202,0.012580764356682735,NA,NA
3,4.803151233160842,0.014598672171815362,-4.6528352525405445,0.00808803276171755
4,NA,NA,NA,NA
5,NA,NA,NA,NA
