case,F_stat,F_p,t_stat,t_p
1,NA,NA,NA,NA
2,5.138152324480223,0.0020100107328185736,NA,NA
3,6.146646910470037,0.0016595367183137848,-5.409601486405627,9.263931416533715e-4
4,NA,NA,NA,NA
5,NA,NA,NA,NA
