test,statistic,p_value
BG(1),2.955687935256845,0.08557588061804822
BG(2),7.767334297987996,0.020575234215302572
Breusch-Pagan,16.535808414816817,0.28175894529801854
Jarque-Bera,1.486944414812578,0.4754601498201898
RESET,1.6870709125067511,0.2165539507740594
