Term,Estimate,Std. Error,t value,Pr(>|t|)
(Intercept),-0.22656102685698437,0.16503852700318788,-1.3727765932654508,0.1825143885864659
mu,-0.0252258113627546,0.05810881128675263,-0.4341133608511014,0.6680838570464441
B_real,0.187569022729706,0.13807715741052262,1.3584362992934245,0.1869580237724796
PyPK,0.14610586917060425,0.13543599319630487,1.078781686629153,0.2914083063183413
pi,0.02833907598968366,0.511233483203799,0.05543274632969711,0.9562526009582546
