case,F_stat,F_p,t_stat,t_p
1,NA,NA,NA,NA
2,8.726688135507118,6.128153431601324e-5,NA,NA
3,10.907945173580204,5.528745358779501e-5,-5.88323360110655,4.4815808081983264e-4
4,NA,NA,NA,NA
5,NA,NA,NA,NA
