rank,order,AIC,BIC,n_eff,df_resid
1,"2,2,0,2",-293.914341273381,-274.79997547226395,42,32
2,"2,2,1,2",-292.39173772106005,-271.53970230165964,42,31
3,"2,2,0,3",-292.04947349340733,-271.1974380740069,42,31
4,"2,3,0,2",-292.01320101825314,-271.16116559885273,42,31
5,"2,2,2,2",-290.6589918662714,-268.06928682858756,42,30
