case,F_stat,F_p,t_stat,t_p
1,NA,NA,NA,NA
2,5.142668381790687,0.004228028038792194,NA,NA
3,6.160698919778385,0.004404316107313603,-3.962962114568735,0.03233308633271841
4,NA,NA,NA,NA
5,NA,NA,NA,NA
