term,estimate,se,t_stat,p_value
(Intercept),-0.029115605909066495,0.007571193592223476,-3.845576731649249,5.203985960604388e-4
d(PyPK),-0.1364494318641607,0.0385531361455753,-3.539256348664669,0.0012175611919336864
ect,-0.3344987210451368,0.08715840386688786,-3.8378252263086172,5.318509317299889e-4
