case,F_stat,F_p,t_stat,t_p
1,NA,NA,NA,NA
2,4.242845051210597,0.012467451571162216,NA,NA
3,4.986533347888185,0.011036543203022026,-4.301490880882389,0.022714942711381993
4,NA,NA,NA,NA
5,NA,NA,NA,NA
