est,spec,sample,eff_N,order,AIC,R2,adjR2,F_case3,F_p,t_case3,t_p,ECT,half_life,LR_mu,LR_mu_p,wald_t,wald_p
3ch_1930,3ch,1930-1973,42,"2,2,0,2",-293.914341273381,0.9119637163083908,0.8872035115201257,6.160698919778385,0.004404316107313603,-3.962962114568735,0.03233308633271841,-0.5106921792078524,0.969757385896106,-0.1338349359625957,0.008715212814751835,NA,NA
4ch_1930,4ch,1930-1973,42,"2,0,3,2,1",-302.826053704153,0.9382738125980397,0.9127319419489526,4.986533347888185,0.011036543203022026,-4.301490880882389,0.022714942711381993,-0.5017332358308457,0.9950152229064448,-0.016014197613021326,0.7154725586668805,-1.1742918574460801,0.24983142720083695
3ch_1940,3ch,1940-1973,35,"2,2,2,2",-251.20496337680476,0.9038475956709322,0.8578616631657259,8.656772883882647,6.329924296740833e-4,-4.898096312871649,0.0016926145939063914,-0.5979293550560308,0.7607576346633262,-0.1422201278319741,0.0019768334498108755,NA,NA
4ch_1940,4ch,1940-1973,36,"1,0,0,1,0",-248.44818483881625,0.8409174810990906,0.8080038564989025,2.588716191291115,0.30780244777899113,-2.6394223571807407,0.4395926739317329,-0.3344987210451368,1.702166320659035,0.01738469921229512,0.8337908438913877,-0.7243045699400776,0.4746820657830986
3ch_1947,3ch,1947-1974,30,"1,1,1,0",-229.03566743164075,0.8020219777751105,0.7503755371947045,13.4075276984214,1e-6,-4.779419679774028,0.002408939750156202,-0.46097512575957533,1.1216090670238383,0.1384120985086864,0.13560738953565674,NA,NA
4ch_1947,4ch,1947-1974,29,"2,2,2,2,2",-246.13577584926327,0.9451631972316022,0.8903263944632045,6.146646910470037,0.0016595367183137848,-5.409601486405627,9.263931416533715e-4,-0.5954455728803996,0.765934725386403,0.22941401207047513,0.13975990176416905,0.05036645854210872,0.9605419076228948
