rank,order,AIC,BIC,n_eff,df_resid
1,"2,2,2,2",-251.20496337680476,-230.98543857744238,35,23
2,"1,1,1,1",-243.27528042486188,-229.0236099787569,36,28
3,"1,1,0,1",-239.69090660237487,-227.022755094726,36,29
4,"1,0,1,1",-238.45693288154814,-225.78878137389927,36,29
5,"1,1,1,0",-236.22033301629557,-223.5521815086467,36,29
