test,statistic,p_value
BG(1),1.7307288489569033,0.18831784357233716
BG(2),2.270323077952717,0.32137020332743577
Breusch-Pagan,7.420171752198264,0.7641083532987071
Jarque-Bera,7.143726235289323,0.02810344484957661
RESET,0.03609622143695005,0.8517064015979708
