regime,variable,alpha,ci_90_lo,ci_90_hi,ci_95_lo,ci_95_hi
pre_1973,m,-0.1779370833786298,-0.41997029267404967,-9.983940641922057e-4,-0.4864458444409925,0.02439113187032641
pre_1973,k_ME,-0.00622065274345969,-0.018516708389012686,0.004878711679506498,-0.021730360934504214,0.009208422176642155
pre_1973,nrs,0.21314183820168123,-0.028302378078306212,0.5309324220629571,-0.09393138662945302,0.5963181621206459
pre_1973,omega,-0.06557988805050693,-0.13710630113942704,-0.0033501944373275742,-0.1520661793779997,0.01963019426892513
post_1973,m,-0.17964749628819837,-0.5387866055639593,0.04161311846205336,-0.6161821796061341,0.11634406009925705
post_1973,k_ME,-0.016227080079241646,-0.052276124051493594,0.00818691576275615,-0.0686424454428162,0.016913045304429865
post_1973,nrs,-0.018638995075531514,-0.12736663072507273,0.09978795987178608,-0.17798984180811434,0.13028866389849686
post_1973,omega,-0.0193406932851325,-0.06683196862046942,0.012048238102878521,-0.08115830855380607,0.02460439121138506
