"asset_block","first_recovery_year","last_recovery_year","observations","mean_absolute_sfc_residual_millions","max_absolute_sfc_residual_millions","mean_absolute_sfc_residual_percent","max_absolute_sfc_residual_percent","tolerance_millions","status"
"ME",1925,2024,100,0.000000000360632839147001,0.00000000558793544769287,0.0000000000000162081622406049,0.0000000000000825115495752462,0.000001,"PASS"
"NRC",1931,2024,94,0.000000000634556388522082,0.00000000558793544769287,0.0000000000000201752630071441,0.0000000000000600207682817217,0.000001,"PASS"
