"base","cor_with_dummy","cor_no_dummy"
"2011",0.739044492498763,0.987065416033831
"1947",0.739044492498827,0.987065416033806
