"r","best_BIC","best_AIC","n_cells"
0,-891.451938449432,-928.226861270454,49
1,-845.222788880543,-894.256019308572,49
2,-839.847909942632,-904.059601985467,49
