"variable_id","label","initial_year","terminal_year","n_observed","coverage_percent","initial_value","terminal_value","mean","standard_deviation","minimum","maximum","initial_to_terminal_change","mean_annual_change","annual_change_volatility"
"Y_REAL_NFC_GVA_BASELINE","Real gross value added of nonfinancial corporate business",1929,2025,97,100,379518,12229586,4089210.50515464,3544035.16785712,264338,12229586,3122.39946458402,3.82837031549877,5.46456691183996
"G_TOT_GPIM_2017","Aggregate gross productive-capital stock",1901,2024,124,100,1723395.05606458,19322142.6372907,39121139.1662176,20561786.6753264,1723395.05606458,92415645.8562277,1021.16734751539,2.60891764772059,13.8141910654838
"KAPPA_ME_NRC","Machinery-to-nonresidential-structures capital-composition ratio",1901,2024,124,100,0.310006277179763,0.774102230904879,0.363975537654708,0.143228405267035,0.155167895593651,0.774102230904879,0.464095953725116,0.00377313783516354,0.0120574538619128
"CORP_COMPENSATION_SHARE_GVA","Corporate compensation share of GVA",1929,2025,97,100,62.4785607415246,55.3057731097018,61.9303314914167,2.79403350285103,55.3057731097018,68.242345931589,-7.17278763182281,-0.0747165378314876,1.16464092310808
"CORP_COMPENSATION_SHARE_NVA","Corporate compensation share of NVA",1929,2025,97,100,69.0669248456977,65.3234005539838,70.2085525928876,2.95583367396081,64.6222677913967,80.491935142458,-3.7435242917139,-0.0389950447053531,1.6979358273397
"NFC_COMPENSATION_SHARE_GVA","NFC compensation share of GVA",1929,2025,97,100,63.2503689129365,56.6460048121974,62.2197675339835,2.63185385724117,56.475673366441,67.7734147194899,-6.6043641007391,-0.068795459382699,1.16505817593651
"NFC_COMPENSATION_SHARE_NVA","NFC compensation share of NVA",1929,2025,97,100,70.1761662555393,67.0141530940562,70.605181464362,2.87145871831537,64.6519668601996,80.5359205359205,-3.1620131614831,-0.0329376370987823,1.73209400273317
