"window","ecdet","K","p","r","T","m","logdet","PIC","BIC"
"full","const",2,1,0,97,4,-22.1867516306198,-21.432160129011,-21.432160129011
"full","none",2,1,0,97,4,-22.1012641804186,-21.3466726788098,-21.3466726788098
"full","none",2,1,1,97,4,-22.5384156078941,-21.3122044177798,-21.4536903243315
"full","const",2,1,1,97,4,-22.4555846408581,-21.2293734507437,-21.3708593572954
"full","none",2,1,2,97,4,-22.7187175349885,-21.2095345317709,-21.3981824071731
