"window","ecdet","K","p","r","T","m","logdet","PIC","BIC"
"post","const",2,1,0,48,4,-24.0868726131712,-22.7964722762019,-22.7964722762019
"post","none",2,1,0,48,4,-23.8205107475842,-22.5301104106149,-22.5301104106149
"post","none",2,1,1,48,4,-24.5982487546749,-22.5013482070998,-22.7432982702816
"post","none",2,1,3,48,4,-25.1707739857981,-22.4286732697384,-22.6706233329201
"post","const",2,1,3,48,4,-25.1265903344524,-22.3844896183927,-22.6264396815744
