"window","ecdet","K","p","r","T","m","logdet","PIC","BIC"
"ford","none",2,1,1,47,4,-25.0394149214542,-22.9095460354018,-23.1553001376386
"ford","const",2,1,1,47,4,-24.9731921985367,-22.8433233124843,-23.0890774147211
"ford","const",2,1,0,47,4,-24.1472419268448,-22.8365533815818,-22.8365533815818
"ford","none",2,1,3,47,4,-25.5818261327803,-22.7966129740964,-23.0423670763332
"ford","none",2,1,0,47,4,-24.0752721042036,-22.7645835589406,-22.7645835589406
