"window","ecdet","K","p","r_base","T","m.x","logdet_base","PIC_base","BIC_base","rank_in_pic.x","r_alt","logdet_alt","PIC_alt","BIC_alt","rank_in_pic.y","n","m.y","r_trace_10","r_trace_05","r_trace_01","r_eigen_10","r_eigen_05","r_eigen_01","pic_gap","alt_pic_close","johansen_suggested","reject_H0_r_le_base","r_selected"
"post","none",2,1,0,48,4,-23.8205107475842,-22.5301104106149,-22.5301104106149,1,1,-24.5982487546749,-22.5013482070998,-22.7432982702816,2,50,4,0,0,0,0,0,0,0.0287622035150648,TRUE,0,FALSE,0
"post","none",3,2,0,47,4,-24.4856296946051,-21.8642526040792,-21.8642526040792,1,1,-25.1974079335221,-21.7568505022067,-22.0026046044436,2,50,4,0,0,0,0,0,0,0.107402101872403,FALSE,0,FALSE,0
"post","none",4,3,1,46,4,-25.6566428028771,-20.8292253899126,-21.0789193940315,1,2,-26.1100441465253,-20.7832387253231,-21.1161640641482,2,50,4,0,0,0,0,0,0,0.0459866645895488,TRUE,0,FALSE,1
"post","none",5,4,2,45,4,-26.8061010483339,-20.03870106652,-20.3770710656107,1,3,-26.9427313574842,-20.0061463761249,-20.2599238754429,2,50,4,0,0,0,0,0,0,0.0325546903950702,TRUE,0,FALSE,2
"post","const",2,1,0,48,4,-24.0868726131712,-22.7964722762019,-22.7964722762019,1,3,-25.1265903344524,-22.3844896183927,-22.6264396815744,2,50,4,0,0,0,0,0,0,0.411982657809194,FALSE,0,FALSE,0
"post","const",3,2,0,47,4,-24.6830286542331,-22.0616515637071,-22.0616515637071,1,1,-25.0468455251192,-21.6062880938038,-21.8520421960406,2,50,4,0,0,0,0,0,0,0.45536346990334,FALSE,0,FALSE,0
"post","const",4,3,0,46,4,-24.9901346238512,-20.9950305579495,-20.9950305579495,1,1,-25.5550160042596,-20.7275985912951,-20.977292595414,2,50,4,0,0,0,0,0,0,0.26743196665441,FALSE,0,FALSE,0
"post","const",5,4,0,45,4,-25.5308130284881,-20.116893043037,-20.116893043037,1,2,-26.6975720035905,-19.9301720217766,-20.2685420208673,2,50,4,0,0,0,0,0,0,0.186721021260411,FALSE,0,FALSE,0
