"window","ecdet","K","p","r_base","T","m.x","logdet_base","PIC_base","BIC_base","rank_in_pic.x","r_alt","logdet_alt","PIC_alt","BIC_alt","rank_in_pic.y","n","m.y","r_trace_10","r_trace_05","r_trace_01","r_eigen_10","r_eigen_05","r_eigen_01","pic_gap","alt_pic_close","johansen_suggested","reject_H0_r_le_base","r_selected"
"ford","none",2,1,1,47,4,-25.0394149214542,-22.9095460354018,-23.1553001376386,1,3,-25.5818261327803,-22.7966129740964,-23.0423670763332,2,49,4,0,0,0,0,0,0,0.112933061305377,FALSE,0,FALSE,1
"ford","none",3,2,1,46,4,-25.6178582957836,-22.1221422381197,-22.3718362422385,1,0,-24.7619916079678,-22.0985888973666,-22.0985888973666,2,49,4,0,0,0,0,0,0,0.0235533407530504,TRUE,0,FALSE,0
"ford","none",4,3,1,45,4,-26.1789188005827,-21.2725538137676,-21.5263313130856,1,2,-26.6081401099249,-21.1942201244738,-21.5325901235645,2,49,4,0,0,0,0,0,0,0.0783336892937854,FALSE,0,FALSE,1
"ford","none",5,4,1,44,4,-27.3641455522464,-20.9998266224748,-21.2578395520601,1,2,-27.8738169354606,-20.9934721465183,-21.3374893859654,2,49,4,0,0,0,0,0,0,0.00635447595648131,TRUE,0,FALSE,1
"ford","const",2,1,1,47,4,-24.9731921985367,-22.8433233124843,-23.0890774147211,1,0,-24.1472419268448,-22.8365533815818,-22.8365533815818,2,49,4,0,0,0,0,0,0,0.00676993090255351,TRUE,0,FALSE,0
"ford","const",3,2,0,46,4,-24.8432126009835,-22.1798098903824,-22.1798098903824,1,1,-25.5405327933147,-22.0448167356508,-22.2945107397696,2,49,4,0,0,0,0,0,0,0.13499315473161,FALSE,0,FALSE,0
"ford","const",4,3,0,45,4,-25.2913302591724,-21.230890270084,-21.230890270084,1,1,-26.1048802195639,-21.1985152327488,-21.4522927320668,2,49,4,0,0,0,0,0,0,0.0323750373352709,TRUE,0,FALSE,0
"ford","const",5,4,1,44,4,-27.3295715496231,-20.9652526198515,-21.2232655494368,1,2,-27.8421763755198,-20.9618315865775,-21.3058488260246,2,49,4,0,0,0,0,0,0,0.0034210332739768,TRUE,0,FALSE,1
