"window","ecdet","K","p","r_base","T","m.x","logdet_base","PIC_base","BIC_base","rank_in_pic.x","r_alt","logdet_alt","PIC_alt","BIC_alt","rank_in_pic.y","n","m.y","r_trace_10","r_trace_05","r_trace_01","r_eigen_10","r_eigen_05","r_eigen_01","pic_gap","alt_pic_close","johansen_suggested","reject_H0_r_le_base","r_selected"
"full","none",2,1,0,97,4,-22.1012641804186,-21.3466726788098,-21.3466726788098,1,1,-22.5384156078941,-21.3122044177798,-21.4536903243315,2,99,4,0,0,0,0,0,0,0.0344682610299394,TRUE,0,FALSE,0
"full","none",3,2,0,96,4,-22.2703246493448,-20.7488752521888,-20.7488752521888,1,1,-22.7306007574763,-20.7336984237091,-20.8763343046925,2,99,4,0,0,0,0,0,0,0.015176828479742,TRUE,0,FALSE,0
"full","none",4,3,0,95,4,-22.4923124458901,-20.1914062269762,-20.1914062269762,1,1,-22.9403414607147,-20.160079779527,-20.3038864182091,2,99,4,0,0,0,0,0,0,0.0313264474491817,TRUE,0,FALSE,0
"full","none",5,4,1,94,4,-23.125947858032,-19.5493115400747,-19.6943103097216,1,0,-22.6378451584521,-19.5445380726512,-19.5445380726512,2,99,4,0,0,0,0,0,0,0.00477346742351514,TRUE,0,FALSE,0
"full","const",2,1,0,97,4,-22.1867516306198,-21.432160129011,-21.432160129011,1,1,-22.4555846408581,-21.2293734507437,-21.3708593572954,2,99,4,0,0,0,0,0,0,0.202786678267273,FALSE,0,FALSE,0
"full","const",3,2,0,96,4,-22.3621889585316,-20.8407395613756,-20.8407395613756,1,1,-22.6387374593221,-20.6418351255549,-20.7844710065383,2,99,4,0,0,0,0,0,0,0.198904435820737,FALSE,0,FALSE,0
"full","const",4,3,0,95,4,-22.5834062514629,-20.282500032549,-20.282500032549,1,1,-22.8493232373088,-20.0690615561211,-20.2128681948032,2,99,4,0,0,0,0,0,0,0.213438476427907,FALSE,0,FALSE,0
"full","const",5,4,0,94,4,-22.719513565404,-19.6262064796031,-19.6262064796031,1,1,-23.045571381346,-19.4689350633887,-19.6139338330357,2,99,4,0,0,0,0,0,0,0.15727141621436,FALSE,0,FALSE,0
