min_diff,max_diff,mean_diff
-2.384185791015625e-7,2.384185791015625e-7,-1.5646219253540038e-9
