sample,regime_code,n,theta_mean,theta_sd,theta_min,theta_max
full,high_ect_side,22,1.1178575889535105,0.01699947806753071,1.0798150787727554,1.1365022110874876
full,low_ect_side,48,1.0391195059381524,0.01209981280363,1.0031619079728633,1.0549921324906593
isi1931_1973,high_ect_side,18,2.6848307188626688,0.04182696867314407,2.594607566757968,2.7579263245190915
isi1931_1973,low_ect_side,15,1.151836374599036,0.03378146024382909,1.1102697544351754,1.2026277978584072
post1974,high_ect_side,16,1.4304705811863327,0.030379658207386594,1.3824153979028158,1.4635855346589064
post1974,low_ect_side,20,0.49939696681376905,0.006758710596485732,0.4903045798480787,0.513427533063546
pre1974,high_ect_side,18,2.6848307188626688,0.04182696867314407,2.594607566757968,2.7579263245190915
pre1974,low_ect_side,15,1.151836374599036,0.03378146024382909,1.1102697544351754,1.2026277978584072
