"asset","L","alpha","survival_at_L","current_survival_at_L_plus_1","untruncated_survival_at_L_plus_1","forced_exit_mass","survival_at_5L"
"ME",14,1.7,0.438760516241415,0,0.396009157062602,0.438760516241415,0.00000302731008194029
"NRC",30,1.6,0.431828459601726,0,0.412731436329341,0.431828459601726,0.0000162433063863397
