"scenario_id","input_id","engine_id","start_year","end_year","start_value","end_value","peak_year","peak_value","peak_to_end_change_percent","cagr_percent","index_1947_at_end"
"chapter2_current__current_truncated","chapter2_current","current_truncated",1925,2024,6289055.23878259,19322142.6372907,1955,43632178.9241445,-55.7158429541584,1.14023028230754,47.2474387666705
"chapter2_current__mean_age_hazard","chapter2_current","mean_age_hazard",1925,2024,6289055.23878259,22592071.4510458,1957,44422560.1437209,-49.1427973130019,1.30008376558619,52.2197850650341
"chapter2_current__shaikh_constant","chapter2_current","shaikh_constant",1925,2024,6289055.23878259,36398689.1021724,1982,47290786.7425649,-23.0321768586456,1.78927558192077,90.7389155085005
"chapter2_current__untruncated_5L","chapter2_current","untruncated_5L",1925,2024,6289055.23878259,28517179.7432452,1957,46575052.3517369,-38.7715562230995,1.53868318363248,64.8667088524619
"shaikh_asset__current_truncated","shaikh_asset","current_truncated",1925,2024,139612.986191516,12845139.4182226,2024,12845139.4182226,0,4.67343949482948,704.041766532254
"shaikh_asset__mean_age_hazard","shaikh_asset","mean_age_hazard",1925,2024,139612.986191516,14278940.4180613,2024,14278940.4180613,0,4.7853838735975,781.35228439104
"shaikh_asset__shaikh_constant","shaikh_asset","shaikh_constant",1925,2024,139612.986191516,16528666.960942,2024,16528666.960942,0,4.94035900021497,980.531779058104
"shaikh_asset__untruncated_5L","shaikh_asset","untruncated_5L",1925,2024,139612.986191516,15871035.6581686,2024,15871035.6581686,0,4.89733117446203,861.313571346451
