parameter,shaikh_target,current_vintage,gap
theta,0.6609,0.7495424791690625,0.08864247916906243
a,2.1782,2.1003620573278243,0.07783794267217559
c_d56,-0.7428,-0.0869710019491079,0.6558289980508921
c_d74,-0.8548,-0.0854091990197126,0.7693908009802874
c_d80,-0.478,-0.0675970532991878,0.4104029467008122
AIC,-319.38,-250.8918438301881,68.4881561698119
loglik,170.69,137.44592191509406,33.24407808490594
