idx,start_idx,end_idx,start_year,end_year,duration,amplitude,pace,direction
1,4,7,1943,1946,3,0.3028961701951435,0.10096539006504783,expansion
2,7,10,1946,1949,3,-0.05249810115639697,-0.017499367052132325,contraction
3,10,15,1949,1954,5,0.013232718852013714,0.002646543770402743,expansion
4,15,19,1954,1958,4,0.05175150650638871,0.012937876626597178,expansion
5,19,22,1958,1961,3,-0.03755799111356378,-0.012519330371187928,contraction
6,22,26,1961,1965,4,-0.11914229661405878,-0.029785574153514696,contraction
7,26,29,1965,1968,3,0.03312722756393871,0.01104240918797957,expansion
8,29,34,1968,1973,5,0.06340227123680436,0.012680454247360872,expansion
