swing_id,start_year,end_year,start_type,end_type,direction,duration_years,start_r,end_r,amplitude_pct,amplitude_log,pace_pct_per_year,pace_log_per_year,ect_start,ect_end,ect_avg,ect_smoothed_avg,boundary_only,rhs_terminal_window
1,1968,1972,peak,trough,peak_to_trough,4,0.11097788164075029,0.07463223801686555,-32.750349066438545,-0.3967583580986256,-9.442899502886238,-0.0991895895246564,-6.371793412790535,-6.232778661117724,-6.333937416128474,-6.333439598878799,FALSE,FALSE
2,1972,1975,trough,peak,trough_to_peak,3,0.07463223801686555,0.09634070108935348,29.087246542951316,0.2553183195559785,8.88325928050795,0.0851061065186595,-6.232778661117724,-6.970494435677169,-6.579468525303756,-6.48224433399743,FALSE,TRUE
