method,signal_col,signal_idx,signal_year,idx,year,value,type,signal_prev,signal_curr,signal_strength
raw_dlog_rule,dlog_r,3,1970,2,1969,0.12022918546617364,peak,0.08006888320822858,-0.03875152652661651,0.11882040973484509
raw_dlog_rule,dlog_r,6,1973,5,1972,0.07463223801686555,trough,-0.3765983379651643,0.310613178088464,0.6872115160536283
