ect1,ect2
1,0
0,1
-2.136792341905533,-4.644988978230508
-0.8564264250511471,5.533691972322906
0.44285711748392,-0.15626686208888477
