ect1,ect2
1,0
0,1
-4.022779392800663,-4.7738903829778705
4.459408598001254,5.573084366051003
0.1927729029137783,-0.020013397348664228
