ect1,ect2
1,0
-1.1102230246251565e-16,1
-5.71129073997552,-5.020555084224545
7.434189937903482,5.994245635809621
0.9754872928702335,0.262107251582461
