H0,stat_star,stat,cv_1,cv_5,cv_10
r = 0  |,53.32,53.321463986471606,33.24,28.14,25.56
r <= 1 |,18.70***,18.695582478395526,26.81,22,19.77
r <= 2 |,11.16***,11.15925790441861,20.2,15.67,13.75
r <= 3 |,8.22***,8.224973837982862,12.97,9.24,7.52
