H0,stat_star,stat,cv_1,cv_5,cv_10
r = 0  |,73.38,73.37756670684509,33.24,28.14,25.56
r <= 1 |,28.37,28.368113505903935,26.81,22,19.77
r <= 2 |,11.58***,11.577654439644476,20.2,15.67,13.75
r <= 3 |,3.68***,3.678364553316403,12.97,9.24,7.52
