H0,stat_star,stat,cv_1,cv_5,cv_10
r = 0  |,70.02,70.02408768430556,60.16,53.12,49.65
r <= 1 |,35.10***,35.1021203682489,41.07,34.91,32
r <= 2 |,11.43***,11.426167116764766,24.6,19.96,17.85
r <= 3 |,4.22***,4.2242913421397725,12.97,9.24,7.52
