H0,stat_star,stat,cv_1,cv_5,cv_10
r = 0  |,91.40,91.40127820726858,60.16,53.12,49.65
r <= 1 |,38.08***,38.079814220796976,41.07,34.91,32
r <= 2 |,19.38***,19.384231742401454,24.6,19.96,17.85
r <= 3 |,8.22***,8.224973837982843,12.97,9.24,7.52
