mean_accounting_wedge,sd_accounting_wedge,min_accounting_wedge,max_accounting_wedge,mean_nu_level,mean_chi
1.000072836163899,0.15682228692871417,0.6334827213713311,1.3675837872761267,-0.9999995189306629,0.3393929743109248
