"r","best_BIC","best_AIC","n_cells"
0,-889.082033737249,-919.727802754767,49
1,-858.891724996932,-901.795801621457,49
2,-847.463213512792,-901.072424305356,49
