"criterion","run_id","det_tag","include","LRinclude","cell_id","p","q_tag","qY","qK","qE","r","logLik","AIC","BIC","HQ","ICOMP_pen","RICOMP_pen"
"BIC",1772640365,"SR_none__LR_const","none","const","p03_Y_only_r0_none_const",3,"Y_only",3,0,0,0,474.863901377384,-919.727802754767,-889.082033737249,-907.817812618168,1.17079350195798,1.17079350195798
"AIC",1772640365,"SR_none__LR_const","none","const","p03_Y_only_r0_none_const",3,"Y_only",3,0,0,0,474.863901377384,-919.727802754767,-889.082033737249,-907.817812618168,1.17079350195798,1.17079350195798
"HQ",1772640365,"SR_none__LR_const","none","const","p03_Y_only_r0_none_const",3,"Y_only",3,0,0,0,474.863901377384,-919.727802754767,-889.082033737249,-907.817812618168,1.17079350195798,1.17079350195798
"ICOMP",1772640365,"SR_none__LR_const","none","const","p07_sym_r2_none_const",7,"sym",7,7,7,2,489.145515435999,-820.291030871998,-658.889980713068,-757.565082819242,0.6777821517483,0.6777821517483
"RICOMP",1772640365,"SR_none__LR_const","none","const","p07_sym_r2_none_const",7,"sym",7,7,7,2,489.145515435999,-820.291030871998,-658.889980713068,-757.565082819242,0.6777821517483,0.6777821517483
