"start_year","end_year","peak_score"
1978,1978,0.701977401129944
1983,1983,0.713256658595642
1988,2000,0.778571428571429
