"term","beta"
"log_y",1
"log_k",1.66533453693774e-16
"P1_logK",0
"P2_logK",7.27696862916245
