"term","beta"
"log_y",1
"log_k",0
"P1_logK",-0.231075552143487
"P2_logK",-0.831337156898668
