"term","beta"
"log_y",1
"log_k",0
"P1_logK",16.2814116802002
"P2_logK",-54.2741353440356
