"term","beta"
"log_y",1
"log_k",1.11022302462516e-16
"P1_logK",-1.38777878078145e-16
"P2_logK",-1.28653663077658
