"term","beta"
"log_y",1
"log_k",0
"P1_logK",-7.23554126003717
"P2_logK",12.1644061867534
