"term","beta"
"log_y",1
"log_k",-0.704091862578643
"P1_logK",3.26189054377422
"P2_logK",-11.3904939765607
