"term","beta"
"log_y",1
"log_k",-2.60167003433661
"P1_logK",1.05108485690534
"P2_logK",1.49601650884386
