"term","beta"
"log_y",1
"log_k",-1.41310854372224
"P1_logK",0.34786133247143
"P2_logK",-3.82534458370859
