"term","beta"
"log_y",1
"log_k",-1.83119131556237
"P1_logK",-17.5626256693839
"P2_logK",58.0972890505684
