"r","best_BIC","best_AIC","n_cells"
0,-889.082033737249,-919.727802754767,49
1,-839.905101878902,-884.852229771262,49
2,-839.450520372832,-897.043123584933,49
