"sample","spec","lag","rank","ect_min","ect_max","ect_range","ect_mean","ect_sd","ect_var","alpha_first_eq"
"FULL","S1_B",1,1,-5.09960103464435,-4.23170553773477,0.867895496909579,-4.71996934795936,0.178534285557062,0.0318744911193705,-0.380026950227563
"PRE1974","S1_B",1,1,-4.80737839050285,-4.4402156948462,0.367162695656655,-4.61608851365731,0.09227271873746,0.0085142546232024,-0.752349065208818
"ISI1931_1973","S1_B",1,1,-4.80737839050285,-4.4402156948462,0.367162695656655,-4.61608851365731,0.09227271873746,0.0085142546232024,-0.752349065208818
"POST1974","S1_B",1,1,-6.37498675882937,-5.63382270630664,0.741164052522731,-6.01941404259417,0.182829312267971,0.0334265574243791,-0.721245667738687
