sample,logLik,sigma2
FULL,250.617202219906,0.023116731538032002
PRE1974,126.33332479964521,0.03272033138709332
ISI1931_1973,126.33332479964521,0.03272033138709332
POST1974,173.66905713206884,0.005575259324996348
