period,n,r_mean,mu_mean,B_mean,pi_mean
WWII          (1940-1945),6,0.05234469281007509,0.7628510393887069,0.17329625134533744,0.3959521327904936
Cold War ISI  (1946-1953),8,0.06798177834868671,0.8569576398016887,0.18629369091538023,0.4248828318486383
Mid ISI       (1954-1961),8,0.07898147960975094,0.8700842776567261,0.18748561020475535,0.47725513152313936
Late ISI      (1962-1972),11,0.06224096589084731,0.9266292584986737,0.1603495079408322,0.4180615219429324
Crash         (1973-1975),3,0.052880044774680265,0.8500640662372573,0.11856946237467755,0.5225934683551975
Auth Restor   (1976-1978),3,0.05057314535242247,0.8501020973742007,0.11385408192551127,0.5214781123265231
