period,years,n,r_mean,mu_mean,PyPK_mean,Br_mean,pi_mean
Pre-ISI/WWII,1940--1945,6,0.05234469281007509,0.7628510393887069,0.9981829971802887,0.173612435229548,0.3959521327904936
Early ISI,1946--1953,8,0.06798177834868671,0.8569576398016887,1.0836043421540913,0.17194193150959153,0.4248828318486383
Mid ISI,1954--1961,8,0.07898147960975094,0.8700842776567261,1.12641546048373,0.16622958347041944,0.47725513152313936
Late ISI,1962--1972,11,0.06224096589084731,0.9266292584986737,1.031053359069384,0.15537504037983496,0.4180615219429324
Crisis,1973--1978,6,0.051726595063551366,0.850083081805729,0.7776542621210745,0.14941322432989032,0.5220357903408603
