method,signal_col,signal_idx,signal_year,idx,year,value,type,signal_prev,signal_curr,signal_strength
raw_dlog_rule,dlog_r,3,1959,2,1958,0.1375017495783098,peak,0.17987938365647382,-0.3514262092849134,0.5313055929413872
raw_dlog_rule,dlog_r,6,1962,5,1961,0.0806699493415625,trough,-0.13414419556351476,0.17471113356067924,0.308855329124194
raw_dlog_rule,dlog_r,8,1964,7,1963,0.10577995614430469,peak,0.09628378650614122,-0.33873116317904284,0.43501494968518406
raw_dlog_rule,dlog_r,9,1965,8,1964,0.0753866261951969,trough,-0.33873116317904284,0.08427257561510038,0.4230037387941432
raw_dlog_rule,dlog_r,14,1970,13,1969,0.12022918546617364,peak,0.08006888320822858,-0.03875152652661651,0.11882040973484509
raw_dlog_rule,dlog_r,17,1973,16,1972,0.07463223801686555,trough,-0.3765983379651643,0.310613178088464,0.6872115160536283
raw_dlog_rule,dlog_r,19,1975,18,1974,0.1336485373820318,peak,0.27202776193281863,-0.32732262046530414,0.5993503823981228
raw_dlog_rule,dlog_r,20,1976,19,1975,0.09634070108935348,trough,-0.32732262046530414,0.04232805460970335,0.3696506750750075
