method,signal_col,signal_idx,signal_year,idx,year,value,type,signal_prev,signal_curr,signal_strength
boundary,NA,NA,NA,1,1957,0.11486496919676681,peak,NA,NA,NA
smoothed_dlog_rule,dlog_r_smoothed,6,1962,5,1961,0.0806699493415625,trough,-0.002377722469498226,0.04561690816776857,0.04799463063726679
smoothed_dlog_rule,dlog_r_smoothed,14,1970,13,1969,0.12022918546617364,peak,0.0426729928946988,-0.006720006711153766,0.04939299960585257
smoothed_dlog_rule,dlog_r_smoothed,17,1973,16,1972,0.07463223801686555,trough,-0.04248751223059122,0.06868086735203945,0.11116837958263066
smoothed_dlog_rule,dlog_r_smoothed,19,1975,18,1974,0.1336485373820318,peak,0.0851061065186595,-0.004322267974260718,0.08942837449292022
smoothed_dlog_rule,dlog_r_smoothed,21,1977,20,1976,0.10050615134368027,trough,-0.08092970020352401,0.08350402429037758,0.1644337244939016
boundary,NA,NA,NA,22,1978,0.12376727049752988,peak,NA,NA,NA
