regime,spec,theta_kNR,psi_lphi,theta2_omega_lphi,kappa,r,N,K
pre_1973,"(y,k_NR,lphi,omega_lphi)",1.9303107013041951,3.710985776781001,1.9852086894014331,-10.552325688405375,1,53,2
post_1973,"(y,k_NR,lphi)",1.1765348378093698,-0.17018428575204098,NA,-4.795111038351645,2,52,2
