regime,eigenvalue_index,eigenvalue
pre_1973,1,0.4055582569082954
pre_1973,2,0.28116468589793053
pre_1973,3,0.12858859239785597
pre_1973,4,0.07644788428599059
pre_1973,5,-3.1063497114443653e-16
post_1973,1,0.5322813691382704
post_1973,2,0.32572169248597543
post_1973,3,0.1627244948295972
post_1973,4,0.079996775092452
post_1973,5,-5.076328869798383e-17
