regime,parameter,estimate,ci_90_lo,ci_90_hi,ci_95_lo,ci_95_hi,n_boot
pre_1973,zeta_1 (k_ME),0.9302777137956739,-2.58770327137247,3.526923320388869,-4.5122550135494075,5.560948738270262,999
pre_1973,zeta_2 (nrs),0.4445053071730645,-1.3611209737833643,2.120515644824225,-2.346906496841951,3.6124452100729387,999
pre_1973,zeta_3 (omega),-3.9187744131265974,-19.27125158608904,5.176873465357191,-29.069934076364135,17.289921697301907,999
pre_1973,zeta_0 (const),-5.804007925732751,-44.13249817282212,44.445337539026504,-79.70785333216382,86.44159871922177,999
post_1973,zeta_1 (k_ME),0.30909990897461076,-0.9249925108526231,1.3947733288125073,-2.0551177543607606,2.6969340321197666,999
post_1973,zeta_2 (nrs),0.2386156777518934,-2.8940320205136434,3.528891361029751,-7.17563053656062,6.971805690561748,999
post_1973,zeta_3 (omega),-7.1283549298417945,-35.30389561875825,22.88756446765837,-66.47996267811995,60.85729108397197,999
post_1973,zeta_0 (const),9.332393882654724,-53.47285888788478,75.68937665555374,-124.39645173394501,134.1758898405544,999
