regime,variable,m,k_ME,nrs,omega
pre_1973,m,1,0.8103163251286686,0.576371878626229,0.08587517176525106
pre_1973,k_ME,0.8103163251286686,1,0.6942690079629651,0.003198362496998162
pre_1973,nrs,0.576371878626229,0.6942690079629651,1,-0.42855533488174724
pre_1973,omega,0.08587517176525106,0.003198362496998162,-0.42855533488174724,1
post_1973,m,1,0.9752219585133712,0.9782701858354367,-0.8502902452982384
post_1973,k_ME,0.9752219585133712,1,0.9557408085698635,-0.8149361804890534
post_1973,nrs,0.9782701858354367,0.9557408085698635,1,-0.9054811361029875
post_1973,omega,-0.8502902452982384,-0.8149361804890534,-0.9054811361029875,1
