variable,dy_lag1,dk_lag1,domega_lag1,domega_k_lag1
y,0.177253724637994,-0.1586545807558818,-0.4031729455948936,0
k,-0.16177547050155833,0.222718948948577,-0.16282155162743098,0
omega,0.008393417427736643,0.07237037059104023,0.22409838032734058,0
omega_k,0,0,0,0
