"p","q","case","s","neg2logL","k_total","T_eff","logLik","AIC","BIC","HQ","AICc","ICOMP","ICOMP_Misspec","admissible","converged","rank_ok","stable","boundsJo_stat","boundsJo_cval","max_eig_mod","theta_hat","alpha_y","alpha_k","alpha_e","s_K","m","r","d","h","failed","error_msg","spec_idx","spec_id"
3,"d0","d0","h0",-796.92119557695,21,62,398.460597788475,-754.92119557695,-710.251373491003,-737.382696445851,-731.82119557695,-755.797572747776,NA,TRUE,TRUE,TRUE,TRUE,34.3167754272285,31.52,1,0.951250005930523,0.155365216209778,0.0786558307207104,0.23184328558329,NA,3,1,"d0","h0",FALSE,"",49,"p3_d0_h0_r1"
3,"d3","d3","h0",-816.173138947099,27,62,408.086569473549,-762.173138947099,-704.740510550881,-739.623640064257,-717.702550711805,-701.659988107511,NA,TRUE,TRUE,TRUE,TRUE,34.3167754272285,31.52,1,-0.703207267634249,-0.004348587785369,0.000191333360581684,-0.356114536552682,NA,3,1,"d3","h0",FALSE,"",67,"p3_d3_h0_r1"
