"p","q","case","s","neg2logL","k_total","T_eff","logLik","AIC","BIC","HQ","AICc","ICOMP","ICOMP_Misspec","admissible","converged","rank_ok","stable","boundsJo_stat","boundsJo_cval","max_eig_mod","theta_hat","alpha_y","alpha_k","s_K","m","r","d","h","failed","error_msg","spec_idx","spec_id"
2,"d2","d2","h1",-586.699573638529,10,63,293.349786819264,-566.699573638529,-545.268226374613,-558.270520006355,-562.468804407759,-561.307239090485,NA,TRUE,TRUE,TRUE,TRUE,19.0208184143217,17.95,0.999999999999998,0.894916306406093,0.0494778338032718,0.218828407305535,NA,2,1,"d2","h1",FALSE,"",20,"p2_d2_h1"
2,"d3","d3","h1",-588.237069414465,12,63,294.118534707233,-564.237069414465,-538.519452697767,-554.122205055857,-557.997069414465,-542.21785305764,NA,TRUE,TRUE,TRUE,TRUE,19.0208184143217,17.95,1,0.912326836562112,0.0241936053990968,0.210840458801619,NA,2,1,"d3","h1",FALSE,"",23,"p2_d3_h1"
4,"d2","d2","h1",-595.07477949261,18,61,297.537389746305,-559.07477949261,-521.079049937491,-544.183896995195,-542.789065206896,-561.552453080589,NA,TRUE,TRUE,TRUE,TRUE,18.2847909177481,17.95,1,0.87020189046001,0.103651149449045,0.245159278265063,NA,2,1,"d2","h1",FALSE,"",44,"p4_d2_h1"
4,"d3","d3","h0",-594.891047900311,18,61,297.445523950156,-558.891047900311,-520.895318345192,-544.000165402897,-542.605333614597,-542.167579426975,NA,TRUE,TRUE,TRUE,TRUE,18.0746133476105,17.95,1,0.574089345906793,0.0700410053825191,0.194881841510854,NA,2,1,"d3","h0",FALSE,"",46,"p4_d3_h0"
4,"d3","d3","h1",-599.159037163625,20,61,299.579518581813,-559.159037163625,-516.941559880159,-542.613612166498,-538.159037163625,-542.368550204352,NA,TRUE,TRUE,TRUE,TRUE,18.2847909177481,17.95,0.999999999999999,0.791815451601435,0.124638308671849,0.261195398654912,NA,2,1,"d3","h1",FALSE,"",47,"p4_d3_h1"
