"p","q","case","s","neg2logL","k_total","T_eff","logLik","AIC","BIC","HQ","AICc","ICOMP","ICOMP_Misspec","admissible","converged","rank_ok","stable","boundsJo_stat","boundsJo_cval","max_eig_mod","theta_hat","alpha_y","alpha_k","alpha_e","s_K","m","r","d","h","failed","error_msg","spec_idx","spec_id"
3,"d2","d2","h1",-785.568473589827,27,62,392.784236794913,-731.568473589827,-674.135845193609,-709.018974706985,-687.097885354533,-713.607887245796,NA,TRUE,TRUE,TRUE,TRUE,35.5568637077223,31.52,1,0.862583179645109,0.206949928424954,0.259945498092012,0.279772497405898,NA,3,1,"d2","h1",FALSE,"",63,"p3_d2_h1_r1"
3,"d2","d2","h2",-793.073479046517,33,62,396.536739523258,-727.073479046517,-656.878044340029,-699.512980411933,-646.93062190366,-693.36878990642,NA,TRUE,TRUE,TRUE,TRUE,38.7934651124342,31.52,1,0.783886704386859,0.137244480961433,0.145253389181374,0.326257714432835,NA,3,1,"d2","h2",FALSE,"",65,"p3_d2_h2_r1"
3,"d3","d3","h1",-786.602550642226,30,62,393.301275321113,-726.602550642226,-662.788519090873,-701.547551883513,-666.602550642226,-678.08399212538,NA,TRUE,TRUE,TRUE,TRUE,35.5568637077223,31.52,1,0.769283141916462,0.193463500700428,0.264713206601062,0.257116530310979,NA,3,1,"d3","h1",FALSE,"",69,"p3_d3_h1_r1"
3,"d3","d3","h2",-798.337750526723,36,62,399.168875263362,-726.337750526723,-649.7609126651,-696.271752016268,-619.777750526723,-641.251076826701,NA,TRUE,TRUE,TRUE,TRUE,38.7934651124342,31.52,1,7.01453489245365,0.041658035392406,0.019235211828879,0.0953523784404302,NA,3,1,"d3","h2",FALSE,"",71,"p3_d3_h2_r1"
