"p","q","case","s","neg2logL","k_total","T_eff","logLik","AIC","BIC","HQ","AICc","ICOMP","ICOMP_Misspec","admissible","converged","rank_ok","stable","boundsJo_stat","boundsJo_cval","max_eig_mod","theta_hat","alpha_y","alpha_k","s_K","m","r","d","h","failed","error_msg","spec_idx","spec_id"
1,"d3","d3","h2",-575.937243856412,12,64,287.968621928206,-551.937243856412,-526.030646856096,-541.731326688899,-545.819596797588,-494.950494103967,NA,TRUE,TRUE,TRUE,TRUE,24.8021723706365,17.95,1,-0.200053333258748,-0.230120657472202,0.0666658953351163,NA,2,1,"d3","h2",FALSE,"",12,"p1_d3_h2"
2,"d2","d2","h2",-572.604169194987,14,63,286.302084597493,-544.604169194987,-514.600283025505,-532.803494109944,-535.854169194987,-529.444443801465,NA,TRUE,TRUE,TRUE,TRUE,24.8021723706365,17.95,0.999999999999999,0.878776277553562,-0.0510567756204105,0.212054245324706,NA,2,1,"d2","h2",FALSE,"",21,"p2_d2_h2"
2,"d3","d3","h2",-579.47412806676,16,63,289.73706403338,-547.47412806676,-513.183972444496,-533.987642255283,-535.648041110239,-491.82739852815,NA,TRUE,TRUE,TRUE,TRUE,24.8021723706365,17.95,1,0.00841709371898691,-0.265177105220268,0.127018459891315,NA,2,1,"d3","h2",FALSE,"",24,"p2_d3_h2"
