"parameter","pre_1973","post_1974","full"
"theta1",164.658481207664,4.36768134666708,-25.620281226192
"theta2",-257.924119258069,-5.54381485056025,41.9553811493181
"c1",-2483.44294783257,-59.4670734705958,455.511661024664
"theta_bar",1.65824723667842,0.960074785560986,0.508618699100907
"SE_theta_bar",0.578636700798104,0.0147334777371495,0.0943250200648559
"w_H",0.634521818581511,0.607466417520553,NA
"n",45,51,96
"rank",2,1,2
