"criterion","run_id","det_tag","include","LRinclude","cell_id","p","q_tag","qY","qK","qE","r","logLik","AIC","BIC","HQ","ICOMP_pen","RICOMP_pen"
"BIC",1772630486,"SR_none__LR_none","none","none","p03_Y_only_r0_none_none",3,"Y_only",3,0,0,0,474.863901377384,-919.727802754767,-889.082033737249,-907.817812618168,1.17079350195798,1.17079350195798
"AIC",1772630486,"SR_none__LR_none","none","none","p03_Y_only_r0_none_none",3,"Y_only",3,0,0,0,474.863901377384,-919.727802754767,-889.082033737249,-907.817812618168,1.17079350195798,1.17079350195798
"HQ",1772630486,"SR_none__LR_none","none","none","p03_Y_only_r0_none_none",3,"Y_only",3,0,0,0,474.863901377384,-919.727802754767,-889.082033737249,-907.817812618168,1.17079350195798,1.17079350195798
"ICOMP",1772630486,"SR_none__LR_none","none","none","p07_sym_r1_none_none",7,"sym",7,7,7,1,483.692260286662,-819.384520573324,-668.198726753568,-760.628569232768,0.605061111892809,0.605061111892809
"RICOMP",1772630486,"SR_none__LR_none","none","none","p07_sym_r1_none_none",7,"sym",7,7,7,1,483.692260286662,-819.384520573324,-668.198726753568,-760.628569232768,0.605061111892809,0.605061111892809
