"r","best_BIC","best_AIC","n_cells"
0,-889.082033737249,-919.727802754767,49
1,-866.948547217487,-908.050703066557,49
2,-860.817636292171,-907.904948934139,49
