"r","best_BIC","best_AIC","n_cells"
0,-889.082033737249,-919.727802754767,49
1,-862.038199206516,-904.942275831041,49
2,-850.562308022617,-901.638589718481,49
