channel,coeff_pre1973,sd_pre1973,impact_pre1973,coeff_post1973,sd_post1973,impact_post1973
Machinery accumulation → imports (ζ₁),0.930277713795674,0.3886604622759234,0.3615621662888158,0.3090999089746107,1.3295168101392778,0.4109535249942656
Non-reinvested surplus → imports (ζ₂),0.4445053071730645,0.597777576503241,0.2657153052647432,0.2386156777518934,0.6499115980052127,0.1550790964368299
Wage share → import compression (ζ₃),-3.918774413126597,0.0686734010503893,0.2691155668986468,-7.1283549298417945,0.0696333663038336,0.4963713499734122
