"model_id","spec_id","estimator","intercept_flag","beta2_pre","p_beta2_pre","beta2_ford","p_beta2_ford","beta2_post","p_beta2_post","theta_ford_min","theta_ford_mean","theta_ford_max","p_break_1945_interaction","p_break_1974_interaction"
"B1_no_intercept__D_fixed","B1_no_intercept","D_fixed",FALSE,-0.52368003803579,1.45668970987266e-06,-0.156460905052378,0.254936224626973,0.0883078964782708,0.520791236065971,0.939685779160215,0.93597517194206,0.931246312128713,0.0338032946085645,0
"B1_no_intercept__D_auto","B1_no_intercept","D_auto",FALSE,-0.334738322356773,0.000257129811322213,-0.120082675524308,0.274385329238212,0.0314872158423475,0.773945839068884,0.951039780440202,0.94819191475499,0.944562547160727,0.140840237513972,0
"B1_no_intercept__FM","B1_no_intercept","FM",FALSE,-0.468797778913172,NA,-0.182917834796258,NA,0.028812501142879,NA,0.965434957060932,0.961096900612281,0.955568409019937,1,1
"B1_no_intercept__IM","B1_no_intercept","IM",FALSE,-0.477307149751708,0.636781394982703,-0.102375975869319,0.943299015534402,0.115942630337891,0.99315399522132,0.959475087341968,0.957047151526953,0.953952949572934,0.831211317375165,0.987181711765334
"B2_with_intercept__D_fixed","B2_with_intercept","D_fixed",TRUE,-0.582609215588143,1.79688514778101e-20,-0.240061577620369,0.00261509715561038,-0.340121012981466,2.01850200967527e-05,0.854936733231508,0.849243462938705,0.841987864188604,0.00054927608711672,0
"B2_with_intercept__D_auto","B2_with_intercept","D_auto",TRUE,0.710652565853114,1.1348028900215e-315,0.36389553510308,5.18150569244281e-93,0.539521296162684,2.8521954489245e-203,0.818201229557058,0.826831330467926,0.83782967520861,5.82341434677691e-42,0
"B2_with_intercept__FM","B2_with_intercept","FM",TRUE,-0.47431208687652,NA,-0.197878352958408,NA,6.95798870264031,NA,0.913950044894198,0.909257186671511,0.903276529772441,1,1
"B2_with_intercept__IM","B2_with_intercept","IM",TRUE,-0.563022635415307,0.606603048504817,-0.145751106680478,0.915552860189069,0.160060435197051,0.990550361606686,0.849205682300374,0.845749067318366,0.84134389945294,0.819877739789413,0.982032214499158
