case,F_stat,F_p,t_stat,t_p
1,NA,NA,NA,NA
2,2.1743460156341943,0.36553120671210315,NA,NA
3,2.588716191291115,0.30780244777899113,-2.6394223571807407,0.4395926739317329
4,NA,NA,NA,NA
5,NA,NA,NA,NA
