rank,order,AIC,BIC,n_eff,df_resid
1,"2,0,0,3,1",-298.9729781438505,-278.1209427244501,42,31
2,"2,0,1,3,1",-298.3508030252009,-275.7610979875171,42,30
3,"2,0,0,3,2",-298.0024388892058,-275.412733851522,42,30
4,"2,1,1,3,1",-296.4389918375932,-272.11161718162606,42,29
5,"2,1,1,3,2",-295.7373764447274,-269.67233217047686,42,28
