model,order,AIC,BIC,delta_AIC,delta_BIC,D_wwii_coef,D_wwii_t,D_wwii_p
Base,"2,0,3,2,1",-302.826053704153,-278.49867904818586,0,0,NA,NA,NA
D_wwii,"2,0,3,2,1,0",-322.99789595944674,-296.9328516851962,-20.17184225529371,-18.434172637010363,-0.017924278831266658,-4.412523087661781,1.3785443125902792e-4
