window_start,window_end,n_eff,ardl_order,aic,bounds_F_case3,bounds_F_p,bounds_t_case3,bounds_t_p,ECT,LR_mu,LR_mu_p,LR_PyPK,LR_PyPK_p,LR_Br,LR_Br_p,LR_pi,LR_pi_p,wald_diff,wald_se,wald_t,wald_p,wald_decision
1945,1973,30,"2,2,2,2,2",-266.2994765693861,32.06587366076428,1e-6,-7.691115108925475,1e-6,-0.48289542407090336,0.23275271087671162,0.09214885808086172,-0.09692815771181183,0.4885878385631165,0.02302976558055021,0.7599376484290891,0.1875863393902972,0.4586343219339327,0.14808041442884542,0.14963743562295273,0.9895947081181571,0.3380677683634379,Fail to reject
1946,1973,29,"2,2,2,2,2",-262.7135860926403,26.68011430987079,1e-6,-8.647784245030936,1e-6,-0.5019759384181685,0.30177548914346586,0.027559772653208723,-0.13335082972303552,0.2951496782997265,-0.003279959712133502,0.9614820460710813,0.14819194652924608,0.5062463423459195,0.2200694030979261,0.1411059321633104,1.559604190440601,0.14116768040025515,Fail to reject
1947,1973,28,"2,2,2,2,2",-251.9164387708343,7.394817006492952,7.78370699051797e-4,-5.8152944771185995,6.534068061257094e-4,-0.5296506058841561,0.3237603953978357,0.028922819649843313,-0.14834770949103487,0.25844564613798476,-0.010427979540612715,0.8795642406344769,0.13692205914571584,0.5333708706229627,0.2555755294790428,0.1700974063521794,1.5025245531956235,0.15685902212441727,Fail to reject
1948,1973,27,"2,2,2,2,2",-241.13098142561444,3.1220054723251325,0.1685979377398459,-2.9838726539375307,0.29976782718063916,-0.4792065819668928,0.31550950244710657,0.060830794338757044,-0.14943216805861148,0.31839297332914485,-0.008835918254726332,0.9108884323236164,0.17876769782022664,0.5248005676630013,0.2270373389224102,0.19071061590260127,1.1904808646748932,0.25687552528779795,Fail to reject
