term,estimate,se,t_stat,p_value
(Intercept),-0.09149056944520477,0.01735710040654105,-5.271074505666073,8.290991915768706e-6
"d(L(g_Kn, 1))",0.5105525298028262,0.10851765280483812,4.704787807390392,4.390958583001962e-5
d(B_real),0.2514191727233991,0.07767737062363736,3.2367106495091864,0.0027523953704167653
"d(L(B_real, 1))",-0.1223007230942152,0.06139538826814334,-1.9920180740623192,0.054696672896360835
"d(L(B_real, 2))",-0.14304865571722453,0.04765517657705507,-3.0017443222757745,0.005084264045419573
d(PyPK),-0.012613048214314762,0.025819277114079903,-0.4885128332054095,0.6284173452944054
"d(L(PyPK, 1))",-0.05133180164423049,0.02489708366991,-2.0617596150937487,0.04717843696262298
d(pi),-0.19911199190449771,0.13508759986460617,-1.4739472172431893,0.1499721001658528
ect,-0.5017332358308457,0.09419558192999512,-5.326504975612625,7.03878698304013e-6
