test,statistic,p_value
BG(1),3.3287784889061762,0.06807741710442214
BG(2),6.845608344772592,0.032620832127338475
Breusch-Pagan,13.570466928485029,0.2576785549402307
Jarque-Bera,1.4189743028649535,0.49189640114898636
RESET,0.26839497250746147,0.6095816724696972
