case,F_stat,F_p,t_stat,t_p
1,NA,NA,NA,NA
2,4.99727642465439,0.0027291692906956195,NA,NA
3,5.024032468856473,0.010358776919301581,-2.5810730913277373,0.46448384973167517
4,3.574490847081938,0.09173643640702561,NA,NA
5,3.7340951088170797,0.14783469203544758,-1.9913519983365304,0.8383601759677377
