case,F_stat,F_p,t_stat,t_p
1,NA,NA,NA,NA
2,4.664471962114114,0.009147274050843339,NA,NA
3,5.712639508027773,0.007977974114747665,-4.4844517940189235,0.00693638920960675
4,NA,NA,NA,NA
5,NA,NA,NA,NA
