test,statistic,p_value
BG(1),0.002923655824589766,0.9568787239224811
BG(2),0.6616610236231849,0.718326906649828
Breusch-Pagan,20.719153582447998,0.10904909484962032
Jarque-Bera,0.34322576807203337,0.84230517984489806
RESET,8.325430299036204e-4,0.9774194312617295
