case,F_stat,F_p,t_stat,t_p
1,NA,NA,NA,NA
2,7.147736988827708,5.949798508239232e-4,NA,NA
3,8.656772883882647,6.329924296740833e-4,-4.898096312871649,0.0016926145939063914
4,NA,NA,NA,NA
5,NA,NA,NA,NA
