Term,Estimate,Std. Error,t value,Pr(>|t|)
(Intercept),0.03109066325004794,0.1269198581786815,0.2449629529705083,0.8086574934157769
r,0.41991421022536163,0.2263603659898251,1.8550694967697516,0.07644957537714803
mu,0.1384120985086864,0.08949383172142689,1.546610485284958,0.13560738953565674
pi,-0.4691087190507777,0.3620008737753236,-1.2958773114507198,0.20787205437416018
