Term,Estimate,Std. Error,t value,Pr(>|t|)
(Intercept),0.0862966523179764,0.10095129365500988,0.8548345364734589,0.39899772597085337
r,0.5500957124246522,0.07291800225714878,7.544031588862152,1.3643588358394927e-8
mu,-0.1338349359625957,0.047896162161684686,-2.794272649879642,0.008715212814751835
pi,-0.15677512368308202,0.26229433722295575,-0.5977068561332296,0.5542422265365805
