Term,Estimate,Std. Error,t value,Pr(>|t|)
(Intercept),-0.25724130452185384,0.09618579675862439,-2.674420893631456,0.01814241411846251
mu,0.22941401207047513,0.1465340628271675,1.5656019333952544,0.13975990176416905
B_real,0.19304842147349352,0.07443278780536028,2.593593860521655,0.021240456513992843
PyPK,0.019111319169186944,0.13690562014816116,0.13959484751980533,0.890968438725628
pi,-0.03695911541527038,0.24521577624773044,-0.15072078958709514,0.8823460575338005
