case,F_stat,F_p,t_stat,t_p
1,NA,NA,NA,NA
2,7.305877810639852,4.825829893901848e-4,NA,NA
3,8.144349440946176,6.060426708174699e-4,-5.595826542244606,8.010843570781797e-4
4,NA,NA,NA,NA
5,NA,NA,NA,NA
