case,F_stat,F_p,t_stat,t_p
1,NA,NA,NA,NA
2,3.6854133039836796,0.03541281783282474,NA,NA
3,4.413351533253634,0.027679622743484088,-4.013726714929865,0.04801913150307569
4,NA,NA,NA,NA
5,NA,NA,NA,NA
