case,F_stat,F_p,t_stat,t_p
1,NA,NA,NA,NA
2,11.290456009796316,1e-6,NA,NA
3,13.4075276984214,1e-6,-4.779419679774028,0.002408939750156202
4,NA,NA,NA,NA
5,NA,NA,NA,NA
