Term,Estimate,Std. Error,t value,Pr(>|t|)
(Intercept),-0.13531902566812826,0.10759911665420163,-1.257622087205529,0.22301531354505147
r,0.051070290978953506,0.2016417333137307,0.25327242599871014,0.8026429022533734
mu,0.2760758658091146,0.08660213513888039,3.18786442581794,0.0046224410022569435
pi,-0.06508587288435591,0.28230892328777585,-0.23054840819894895,0.8200075563117148
