case,F_stat,F_p,t_stat,t_p
1,NA,NA,NA,NA
2,5.464622585844175,0.002359280322781872,NA,NA
3,6.727394736226758,0.001907926666121457,-4.480207112335855,0.007032714044055972
4,NA,NA,NA,NA
5,NA,NA,NA,NA
